algorithm,edge_group,split,dynamic_stage,value,std
gpt4,doi_collectionSpecie,0.8,1st,0.9568567227707051,0.019811302353593747
gpt4,doi_collectionSpecie,0.8,2nd,0.9623099854148242,0.022320450219971835
gpt4,doi_collectionSpecie,0.8,3rd,0.968389401995456,0.03559425912762308
gpt4,doi_collectionSpecie,0.8,4th,0.9779166666666667,0.030049470527986774
