algorithm,edge_group,split,dynamic_stage,value,std
gpt4,doi_name,0.8,1st,0.44398251105270214,0.023849225274216675
gpt4,doi_name,0.8,2nd,0.5256227213375642,0.05948529181761029
gpt4,doi_name,0.8,3rd,0.5616686872550356,0.04749961410130638
gpt4,doi_name,0.8,4th,0.6775134964937596,0.09671907371948558
