k,metric,value
1,hits@k,0.13031161473087818
3,hits@k,0.2521246458923513
5,hits@k,0.3002832861189802
10,hits@k,0.36827195467422097
25,hits@k,0.42209631728045327
50,hits@k,0.45042492917847027
