k,metric,value
1,hits@k,0.8064516129032258
10,hits@k,0.9112903225806451
25,hits@k,0.9193548387096774
50,hits@k,0.9516129032258065
