attribute,value
collectionSite,0.42616149447700247
bioActivity,0.5981249999999999
