attribute,value
collectionSite,0.6033057851239669
name,0.0
bioActivity,0.5981249999999999
