attribute,value
collectionSite,0.6668360556534443
bioActivity,0.5981249999999999
collectionSpecie,0.8503075599780271
collectionType,0.9137931034482759
name,0.20246154494672766